id,name,email,password
1,Carol Gonzalez,carol.gonzalez7714@example.com,h80#uFGPcJ3
2,Gary Campbell,gary.campbell5593@icloud.com,7vlxGw!gseD9I
3,Ryan Green,ryan.green9406@example.com,0@WSUn9MqyA6Qsd
4,Paul King,paul.king5767@yahoo.com,H2&TTQBOGvW7FH5B
5,Richard Robinson,richard.robinson3947@icloud.com,@FLf4OcgwEQx1x^
6,Justin Johnson,justin.johnson9777@gmail.com,vF$cL1J5cTFMR
7,Elizabeth Hernandez,elizabeth.hernandez6985@protonmail.com,hBq0cqFJWb7GIqX
8,Emily Davis,emily.davis8223@yahoo.com,UCFpEd&DfsiSHOi
9,John Campbell,john.campbell9273@example.com,WBfz^VKg75&a
10,Brian Williams,brian.williams5352@hotmail.com,Bv*sCwv!p&#IVkPK
11,Angela Perez,angela.perez2694@example.com,r0SkOsuIxDvE
12,Jennifer Hall,jennifer.hall2421@example.com,UX16aWQYlV0Qyr
13,Nancy Nelson,nancy.nelson6120@outlook.com,zH5DA29$QEQr&fJK
14,Justin Adams,justin.adams5089@yahoo.com,BMvX#9&ecPgi
15,Matthew Mitchell,matthew.mitchell5835@hotmail.com,1Dib*UUv23p
16,Donna Taylor,donna.taylor140@gmail.com,kx$KyG@!j66
17,Amy Miller,amy.miller6725@hotmail.com,vtEg0BB9atKGb
18,Nicole Brown,nicole.brown2010@outlook.com,3RtWmuKp!Lfk
19,Dorothy Garcia,dorothy.garcia2910@gmail.com,v$tciwD1F%5jl1s
20,Kimberly Flores,kimberly.flores8821@yahoo.com,ZHcWKJ7e7FD3XMcS
21,Laura Campbell,laura.campbell3028@hotmail.com,mhyWFYc4H2PCKd
22,Dorothy Clark,dorothy.clark3306@yahoo.com,6q@*@BMZZax7
23,George Scott,george.scott3021@protonmail.com,w*E3fs0V50M05y
24,Donald King,donald.king9533@example.com,si4V@&Cdc$sX7r%7
25,Margaret Martinez,margaret.martinez5589@outlook.com,LwFS*qluWMr*WLJ9
26,Sharon Rodriguez,sharon.rodriguez8058@outlook.com,XZNdXJ99Dib
27,Betty Smith,betty.smith4723@protonmail.com,C@aj1G1AXlg4&tB
28,Jacob Carter,jacob.carter7655@protonmail.com,!7uhu3TwQvVw
29,Margaret Miller,margaret.miller6525@yahoo.com,@fQqMF4vE!bgs
30,Margaret Lopez,margaret.lopez6358@hotmail.com,NR!7&5E2uP1h6*2
31,Betty Brown,betty.brown3123@example.com,y184p!9PpXFD8U
32,Andrew Smith,andrew.smith5318@gmail.com,dlbdo@pEbwWT#
33,Patricia Hill,patricia.hill1312@outlook.com,GRF$7NXKyqml
34,Amy Flores,amy.flores9@protonmail.com,MWYT!A5ilSD
35,Barbara Smith,barbara.smith1099@yahoo.com,qe4biwOGeM
36,Samantha Sanchez,samantha.sanchez8561@icloud.com,TG9p4FHNRRfV#
37,Daniel Smith,daniel.smith7074@hotmail.com,jLYNevhIR7yB
38,Matthew Young,matthew.young6267@protonmail.com,DJkY%jQnJDaT4eh
39,Michelle Miller,michelle.miller3519@protonmail.com,GuNHw6ShQ%5
40,Jason Rodriguez,jason.rodriguez5130@icloud.com,^CmuIrUsG6ecQ
41,Carol Rodriguez,carol.rodriguez2802@icloud.com,va%cuIQ0XNQxH
42,Lisa White,lisa.white9073@hotmail.com,3GDganB8b7
43,Karen Scott,karen.scott7733@hotmail.com,q6ormaedZUGcbzJ
44,Justin Taylor,justin.taylor9929@gmail.com,2jOAbb4ybjrdw
45,Larry Harris,larry.harris4606@icloud.com,^yZvwLTKrIR
46,Anna Rivera,anna.rivera7172@example.com,BGrnQKoxC7
47,Rebecca King,rebecca.king7121@hotmail.com,vCDBYIH5DyQ
48,Amy King,amy.king4777@hotmail.com,@yt9c6XD5Ktt7i
49,Timothy Perez,timothy.perez1356@icloud.com,!8wY#@To7Aa@Q
50,Brian Gonzalez,brian.gonzalez7680@icloud.com,q67wAOOhg&
51,Amanda Garcia,amanda.garcia7961@example.com,@ozOay^IRiCeRdG
52,Melissa Torres,melissa.torres6567@outlook.com,EyN8iJffVCzOz
53,David Taylor,david.taylor9754@hotmail.com,oYsxpN^2^Eaa5
54,Andrew Perez,andrew.perez1121@example.com,b9yQSk5O16w
55,Elizabeth Jones,elizabeth.jones1112@gmail.com,FB!ZI*!yMbE
56,Anna Hernandez,anna.hernandez2708@protonmail.com,dJps6XFH9aeIF6
57,Nicole Wilson,nicole.wilson3026@example.com,cPYEb&AD9g!*
58,Michelle Williams,michelle.williams610@example.com,keX0$2hzn1sYd3rn
59,Emma Jackson,emma.jackson4075@gmail.com,Ou6TOt&a$F
60,Mary Miller,mary.miller113@protonmail.com,Wrgf9W5OaxguTepv
61,Edward Young,edward.young8933@outlook.com,jgzIiYrwqOcD0RS
62,Larry Carter,larry.carter1906@protonmail.com,gfnz*x%YbZiI
63,Paul Jones,paul.jones8182@yahoo.com,Wb&Oj1jDqkNW2wf
64,Richard Mitchell,richard.mitchell3144@gmail.com,*J2cTUQxUsudHLt4
65,Amy Rodriguez,amy.rodriguez9446@example.com,wbM1BrvD^h
66,Gary Hill,gary.hill2611@protonmail.com,qo#Pk31&81P
67,Timothy Williams,timothy.williams6424@outlook.com,ZZ6V0qsSuntWK9t
68,Shirley Perez,shirley.perez4589@yahoo.com,RyLS#cVA4Bs
69,Steven Lewis,steven.lewis7135@outlook.com,efe*$um^Je5*
70,William Jackson,william.jackson1804@example.com,OksNnaXUsgt$R
71,Jacob Perez,jacob.perez4710@yahoo.com,&BORoMOJhoW!
72,Paul Nelson,paul.nelson453@icloud.com,N1P8EHxUO@C!
73,Jason Martin,jason.martin5149@icloud.com,OnQ%$g*d!0^zB4!T
74,Ashley Gonzalez,ashley.gonzalez7032@gmail.com,#@i%aTMQ4N4Ch
75,Stephanie White,stephanie.white7255@outlook.com,VQeLZzmMGKq
76,Daniel Davis,daniel.davis8115@protonmail.com,Uu0*nM5NGnKx
77,Amanda Rodriguez,amanda.rodriguez4094@hotmail.com,*b3H0m0bNMCrkC*N
78,Linda Moore,linda.moore8178@icloud.com,vIdRF4p7s$zE
79,Betty Rodriguez,betty.rodriguez4152@gmail.com,lH*pa*2nokK
80,Carol Thompson,carol.thompson8061@example.com,mVSa8v0LmmRUnO
81,Brenda Robinson,brenda.robinson1383@protonmail.com,x&6VJswiTeWMJJh
82,Amy Baker,amy.baker1457@example.com,8Z6C50i*atna
83,Stephanie Roberts,stephanie.roberts8824@example.com,*J0LMhzQaIKFeA
84,Emily White,emily.white3900@icloud.com,J4iaKxIr8$lJ
85,Christopher Hall,christopher.hall607@icloud.com,#Rv!H4frX@
86,Justin Allen,justin.allen1310@icloud.com,Blf@j0pgD78
87,Lisa Adams,lisa.adams9772@icloud.com,aJelJTgC*D0
88,Angela Flores,angela.flores1912@icloud.com,BTIyeKZRW2rCQjq
89,Edward Perez,edward.perez7091@hotmail.com,waI0Ed@fA2v89
90,David Wilson,david.wilson5507@icloud.com,1P1MOYte3ie
91,William Martin,william.martin846@example.com,CsLZtAR#RmH1K
92,William Lopez,william.lopez621@protonmail.com,$X0kL1GsrdB
93,Emma Lee,emma.lee5883@yahoo.com,Gsaij1^7$uR9T
94,Jason Wilson,jason.wilson3695@outlook.com,KUwkgcTBa6
95,Emma Moore,emma.moore1410@hotmail.com,xApvU0MZ@ojkO
96,Mark Mitchell,mark.mitchell1538@example.com,Uf$0oM&PiaJ%pk
97,Laura Moore,laura.moore5699@example.com,wBZ^#2$^!EtevQ
98,Jacob Nelson,jacob.nelson792@example.com,ecxFR3Q%*&383Sh^
99,Dorothy Campbell,dorothy.campbell4759@gmail.com,sOFL7$fy6vt0qQS*
100,Justin Garcia,justin.garcia1680@example.com,%*HN8MOSN$qoA3O
101,Deborah Campbell,deborah.campbell4082@icloud.com,QLVKINBP&s4VXJv
102,Sarah Carter,sarah.carter9639@icloud.com,RfszCLpfDZAxV@q
103,Kathleen Wright,kathleen.wright9544@gmail.com,K&UmIUR9I*t^dH
104,Kevin Flores,kevin.flores5186@hotmail.com,^poLrrHAdl
105,Stephen Clark,stephen.clark241@icloud.com,qTLFr0@yWEyD
106,Daniel Hernandez,daniel.hernandez3777@protonmail.com,J7HGn4v$AU6
107,Margaret Lopez,margaret.lopez4598@example.com,IiRre$ZD8R
108,William Hall,william.hall5666@protonmail.com,DxqbM2PCghKqfFa
109,Linda Walker,linda.walker960@icloud.com,xIN7NhDPWx2
110,Sandra Rodriguez,sandra.rodriguez4914@protonmail.com,rEfT@f3JUW@&iL
111,Michelle Green,michelle.green5777@example.com,#j1OwyAy0x
112,Gary Perez,gary.perez9613@outlook.com,gmtxRRXEm8oFyLP
113,Nicole Flores,nicole.flores4932@outlook.com,I870n@zCej!%w0w%
114,Richard Baker,richard.baker4388@protonmail.com,fOXItTnlz*%ndq
115,Timothy Wright,timothy.wright8989@yahoo.com,kUrD&ra^gS5#
116,Robert Ramirez,robert.ramirez2742@example.com,js@rLjwj%aTKGR
117,Christopher Torres,christopher.torres1003@outlook.com,5KZiTWGT@F!A
118,Barbara Mitchell,barbara.mitchell9446@yahoo.com,QxY2#lCRH5a
119,James Lewis,james.lewis1875@icloud.com,&7jKKsVEQ3e
120,Robert Jackson,robert.jackson1265@yahoo.com,E*ib^k!qXR
121,Susan Harris,susan.harris7160@yahoo.com,!$1MGeCHqcTm
122,Barbara Garcia,barbara.garcia9783@icloud.com,rQ$ownTf%!5@g4Y^
123,Emily Ramirez,emily.ramirez1211@example.com,HxC99&v^0jYaN9hW
124,Amy Martinez,amy.martinez3674@hotmail.com,JmPOKp$owm8RBjl
125,Larry Wright,larry.wright8126@example.com,iNagkS$9tvZ0IQ
126,Brandon Davis,brandon.davis8126@example.com,b0bE%iJLZ$dEa2@
127,Charles Mitchell,charles.mitchell1632@protonmail.com,9tD$ANHJ3laGBE
128,Jessica Nelson,jessica.nelson1035@gmail.com,&bHn$Pr&^PAC
129,Samantha Williams,samantha.williams9961@icloud.com,wfD1b*a6mXCVpEI
130,Nicholas Torres,nicholas.torres7794@yahoo.com,GIxbPJ#3ibCCOfK
131,Edward Jones,edward.jones6661@example.com,zya!ovaL9QRT
132,Laura Jones,laura.jones6472@example.com,tlRFoYLUAHJ@hyE
133,Jessica Baker,jessica.baker401@outlook.com,55m01@SJ0VH4o#e
134,Elizabeth Taylor,elizabeth.taylor3186@yahoo.com,OpnnRRcjNF6E
135,Daniel Nelson,daniel.nelson9132@protonmail.com,jWvFCmwAWXmU%8n!
136,Brandon Clark,brandon.clark2292@yahoo.com,jjj1%uhDkzApI5*g
137,Matthew Rodriguez,matthew.rodriguez471@icloud.com,##7PQPTLUWvoB
138,James Green,james.green1688@outlook.com,9P%3pmw5Dn
139,Paul King,paul.king3488@yahoo.com,coptlxfN9PcW
140,Mary Garcia,mary.garcia8161@yahoo.com,*FLsqJWVkdLx
141,Cynthia Walker,cynthia.walker9731@hotmail.com,qePk2bdBFnN
142,Charles King,charles.king7124@yahoo.com,IwTA04fSYBUT
143,Michelle Davis,michelle.davis6069@hotmail.com,5jb%3OvzrlnJF6x
144,Pamela Taylor,pamela.taylor6145@icloud.com,ie4&^L0HKl$^0c
145,Jonathan Hernandez,jonathan.hernandez8433@hotmail.com,hpTJS!JTMoXL
146,Kevin Wright,kevin.wright7370@outlook.com,wc*rfopFqpau
147,Samantha Harris,samantha.harris976@icloud.com,eHPVlG5!ok4
148,Sandra Lee,sandra.lee2822@gmail.com,gkefyBAvEu
149,Lisa Hill,lisa.hill6099@yahoo.com,QURQrIGLVM
150,Ryan Hall,ryan.hall586@protonmail.com,NVZpl&uendHlQ9
151,Nicholas Williams,nicholas.williams2794@outlook.com,nFKDb^ZZJT&K%
152,Larry Moore,larry.moore4676@icloud.com,BuHo8w5ko7Tj
153,Elizabeth Thompson,elizabeth.thompson4977@example.com,rDS&rLrkKoS
154,Richard Young,richard.young8908@outlook.com,tRyW*PgP8akFrKl
155,Stephanie Taylor,stephanie.taylor6924@protonmail.com,xebiiDxHmZ%%
156,Stephen King,stephen.king4745@yahoo.com,UPcoDHRsm!*Dr6$
157,Susan Roberts,susan.roberts1168@yahoo.com,P6$jYuidnN%vX9Bg
158,Betty Nelson,betty.nelson6577@outlook.com,8%KxE$lB3!n
159,Christopher Taylor,christopher.taylor5453@hotmail.com,!Qbq5EY%Wx04
160,Donna Nelson,donna.nelson1415@hotmail.com,xZ!24Tz^c2UadAXn
161,Joseph Perez,joseph.perez6073@yahoo.com,W3pObZNzm%1HZrM
162,George Sanchez,george.sanchez881@icloud.com,sdUEn!xdQUclNL
163,Donald Lewis,donald.lewis2967@hotmail.com,#lP76lTDaK&u
164,Margaret Allen,margaret.allen6153@gmail.com,jlsit2iSlP#ORrT%
165,Jason Johnson,jason.johnson1140@outlook.com,gkU7XSRrE9oFh
166,Robert Hill,robert.hill9315@icloud.com,1zpUVZ7Jlxx
167,Rebecca Young,rebecca.young5013@example.com,DAYtWjQsgYYI
168,Amy Ramirez,amy.ramirez5164@gmail.com,1Yw^LO#AOzm@cSE
169,Kimberly Miller,kimberly.miller122@protonmail.com,R%Si%6^ByZ&Nw!
170,Jonathan Davis,jonathan.davis9774@outlook.com,4dtH2wyEGTxsl1ej
171,Angela Jones,angela.jones1922@gmail.com,Q@T60ZPjc#e0
172,David Mitchell,david.mitchell1527@example.com,i4Q190AyedSaCF2
173,Sandra Ramirez,sandra.ramirez5657@hotmail.com,TBWjmvZS9d5T
174,Larry Roberts,larry.roberts5905@outlook.com,nYKSHW$%JZ6tboa
175,Ronald Lopez,ronald.lopez5625@hotmail.com,yPNb07Bq&gEhc
176,George Roberts,george.roberts2111@outlook.com,LxamcWkqi6
177,Paul Allen,paul.allen6732@outlook.com,@DXK1kSUX&
178,Edward Thomas,edward.thomas3547@yahoo.com,pLRJc1GM498JZML
179,Betty Flores,betty.flores6389@outlook.com,ltDqo!cDo0BLY
180,Jason Gonzalez,jason.gonzalez2670@outlook.com,BY49lT!a@HLt8
181,Rebecca Roberts,rebecca.roberts7537@yahoo.com,IsmjZDqD8x3v$@#S
182,Deborah Smith,deborah.smith7000@example.com,2yO&V!#!YM
183,Melissa Lee,melissa.lee3023@yahoo.com,&j*0ThdNpQMSzqC
184,Nicole Williams,nicole.williams6168@protonmail.com,#YkELvLjlNTs
185,Cynthia Davis,cynthia.davis2769@gmail.com,%asYkr0IrM
186,Daniel Thomas,daniel.thomas2040@hotmail.com,g46s&$ppV@ub%lk
187,Melissa Taylor,melissa.taylor9206@icloud.com,QO&bz2$lj!
188,Jessica Taylor,jessica.taylor6457@hotmail.com,$VtKGY3We8P
189,Nicholas Robinson,nicholas.robinson1067@example.com,bSemS6e@O*DGdyX0
190,Donna Jackson,donna.jackson5789@yahoo.com,270f!llj&Xe@$4
191,Jennifer Hernandez,jennifer.hernandez9321@icloud.com,90%GVw!ylh
192,Anthony Hernandez,anthony.hernandez5277@outlook.com,rcvHaU@bPur
193,Joseph Harris,joseph.harris9099@yahoo.com,lghc$60f1*5*C
194,Stephanie Miller,stephanie.miller9048@example.com,Ntk5l5^Yyevjc5
195,Nancy Campbell,nancy.campbell7938@protonmail.com,@X2uQYag@Y
196,George Clark,george.clark7152@example.com,yqBx#tepHV1RoAz
197,William Nelson,william.nelson3686@protonmail.com,Xc*UhKYDAJ@^#o
198,Linda Allen,linda.allen9098@gmail.com,cgzvYgG4gMQzL8@
199,Michelle Thomas,michelle.thomas6174@protonmail.com,2Ubo&c4X*@F
200,Jessica Hill,jessica.hill5368@hotmail.com,pzt5bY!81b0
201,Linda Smith,linda.smith957@protonmail.com,M7EHFKw%u0
202,Angela Ramirez,angela.ramirez1025@gmail.com,rdw!o^@6eck5puxW
203,Emma Miller,emma.miller436@gmail.com,hXJeDxLskX1ydIvW
204,Jessica Hernandez,jessica.hernandez654@yahoo.com,swmXGT%d#e
205,Robert Johnson,robert.johnson668@yahoo.com,mglSzO@F0H
206,Susan Ramirez,susan.ramirez269@gmail.com,@&0!7toH%dOOq!
207,Jeffrey Wright,jeffrey.wright3514@icloud.com,2zv3l4yq3P#z#d
208,Sarah Clark,sarah.clark807@yahoo.com,Ue^Yo7kAUND
209,Steven Adams,steven.adams5749@hotmail.com,^QMOGIC29Bv
210,Daniel Flores,daniel.flores3845@outlook.com,dMuL4aH%A3ed04
211,William Rodriguez,william.rodriguez4958@yahoo.com,U@EFMcMhmLR
212,Sarah Rivera,sarah.rivera8226@outlook.com,t@TdoJPOUwrCE#k3
213,Melissa Miller,melissa.miller769@protonmail.com,Gi0r@m31okpX
214,Angela Thompson,angela.thompson2590@yahoo.com,wLv83h2Kcstfr30
215,Sharon Allen,sharon.allen5522@outlook.com,4upeeyMBwRgRn
216,Shirley Perez,shirley.perez9169@gmail.com,UA&hj@JV%z7sM
217,Larry Nelson,larry.nelson7029@icloud.com,oQdFV1fLMb
218,Emma Flores,emma.flores3613@protonmail.com,KRcmWLvUJ1fMEE
219,Brian Lee,brian.lee8634@icloud.com,Y4EPwPBYz0dL
220,Sandra Johnson,sandra.johnson9908@gmail.com,eLs8!%UV8obGr&
221,John Rivera,john.rivera9572@hotmail.com,GCxWU5$myqFKED@
222,Nicole Scott,nicole.scott2509@hotmail.com,81#5ssSI1bScl
223,Richard Campbell,richard.campbell6177@protonmail.com,XD%bow3eWCyAWtd
224,John Carter,john.carter3239@gmail.com,wtm52WYur#ITR8@i
225,Michelle White,michelle.white1899@yahoo.com,OWPb1Eq*jM
226,Timothy Harris,timothy.harris8380@gmail.com,iIqRYI5b#e1fz#
227,Kevin Sanchez,kevin.sanchez1340@icloud.com,iXXdBSzvHzj3czQ
228,James Jackson,james.jackson8581@icloud.com,@b#U^*q9E^uhp&tY
229,Richard Wright,richard.wright5830@icloud.com,fxtdtYyj#LtNC%
230,William Lee,william.lee384@hotmail.com,t8qKFCNdG9
231,Shirley King,shirley.king2751@icloud.com,fvT9Wt!ZK4B
232,Daniel Ramirez,daniel.ramirez289@hotmail.com,IQmY07moaf#srEia
233,Christopher Flores,christopher.flores5064@outlook.com,KKa0ifXD0s
234,Ashley Ramirez,ashley.ramirez9285@protonmail.com,ypipJwj8ySzFW
235,Stephanie Johnson,stephanie.johnson7664@hotmail.com,5^GMpRbPlr
236,Angela Clark,angela.clark851@example.com,DttU@UetTti0
237,Donald Johnson,donald.johnson4058@protonmail.com,9eH2XmAQN@L9DOMC
238,Cynthia Gonzalez,cynthia.gonzalez9934@outlook.com,q5aV5kHiBNI!%
239,Stephanie Allen,stephanie.allen5911@hotmail.com,HtDyaT2QfWys1cZ
240,Ashley Wilson,ashley.wilson6131@protonmail.com,kB@zLyC&HnkfM
241,Amanda Hall,amanda.hall7211@hotmail.com,eHkoF22bdxlmaC8G
242,Jessica Jones,jessica.jones7475@outlook.com,uQ3J93SgPks^a
243,Susan Walker,susan.walker9419@icloud.com,I^2UWfmMhoFY4&IX
244,Gary Baker,gary.baker7287@hotmail.com,&k#NN!p*8RK
245,Christopher Miller,christopher.miller6239@outlook.com,Z@YoxVva9yu6Cb0
246,Sarah Harris,sarah.harris7583@gmail.com,8HJm^MrX$GvY2
247,George Perez,george.perez9597@outlook.com,iu6mWgQ0^hi$1ah@
248,Larry Gonzalez,larry.gonzalez7679@protonmail.com,kwYf2DVEg&36qS
249,Donna Walker,donna.walker3105@protonmail.com,VPPK6*WU89uLNn
250,Christopher Carter,christopher.carter9760@hotmail.com,md#viixHKH
251,James Anderson,james.anderson5964@hotmail.com,jbUmjgf0fM
252,Kathleen Green,kathleen.green5980@yahoo.com,UiJOQRblytJ!
253,Susan Martinez,susan.martinez8596@example.com,vGE8ve&sGu
254,Joshua Harris,joshua.harris7046@example.com,544jLaR6I8
255,Dorothy Hall,dorothy.hall3726@hotmail.com,mppyJiOirEK
256,Dorothy Miller,dorothy.miller5844@icloud.com,B^BEZbYewd
257,Christopher Mitchell,christopher.mitchell9994@gmail.com,qE5I!@&mqrVMf
258,James Green,james.green1223@yahoo.com,5m$Yj@LQLCx
259,Charles Wilson,charles.wilson4964@hotmail.com,mjWgBJCcdfEO@
260,Paul Baker,paul.baker2997@gmail.com,MmqSn@%tz%7aY4u
261,Anna Thompson,anna.thompson3099@protonmail.com,Mvkl$E7^XzLcPkW
262,Nicole Campbell,nicole.campbell2904@icloud.com,kZbGnCGRl&^n
263,Michelle Lopez,michelle.lopez5603@hotmail.com,FWjE*WA3eK
264,Eric Harris,eric.harris6972@icloud.com,ZcS5Ud^!^pd
265,Mark Hill,mark.hill5948@icloud.com,^5$7^eXlDb
266,Matthew Miller,matthew.miller8955@yahoo.com,7&3NG^0OqHelhn^
267,Karen Martinez,karen.martinez5118@yahoo.com,v1KO$Ez1@I6*x5oZ
268,Nicole Lee,nicole.lee8309@gmail.com,qWzl@8^FKHr
269,Jacob Martin,jacob.martin901@gmail.com,pSBP&VhSe5t*qS3
270,Jason Garcia,jason.garcia6642@gmail.com,cvCN2v0BPRXzj
271,Kevin Jackson,kevin.jackson1384@protonmail.com,QV6hGFP&h9W$tyC
272,Ronald Perez,ronald.perez9216@yahoo.com,fUmgCNi@hE!t9Te
273,Cynthia Walker,cynthia.walker9292@example.com,&3O9wUprx8Hf@&a$
274,Jacob Jackson,jacob.jackson4436@icloud.com,Vid&uEaTTCiXT7
275,Stephanie Jones,stephanie.jones6736@protonmail.com,q9Or%f0!@j*PhwZ
276,Jason Thomas,jason.thomas7848@icloud.com,QPXd6rIrJy
277,Eric Jones,eric.jones6029@example.com,xG8gl#Lh2U4
278,James Young,james.young9261@yahoo.com,V2zkam23XXI1
279,Susan King,susan.king9029@example.com,dtoeWZIE0mJBqhw
280,Nicole Martin,nicole.martin5191@outlook.com,M!LWFIO3bUIbMPPT
281,George Rivera,george.rivera9907@outlook.com,fs*t1y7e43Kp1q
282,Carol White,carol.white2631@outlook.com,LXvfez6bSca
283,Joshua Clark,joshua.clark8922@yahoo.com,SMuWcYYpj^3dqx4
284,Betty Ramirez,betty.ramirez7949@yahoo.com,1Mn@#XpBdVrx
285,Kenneth Baker,kenneth.baker2498@outlook.com,C34&F$g%d2nqD#
286,Ryan Young,ryan.young9636@icloud.com,q0bF1XMNYG
287,Anna Nguyen,anna.nguyen4528@hotmail.com,kAfVwRG^jmBcZb!
288,Jennifer Ramirez,jennifer.ramirez9030@yahoo.com,7tyCs@zI7jCHIX
289,Steven Torres,steven.torres1834@example.com,6k2!kz$44gB
290,Sandra Adams,sandra.adams2864@protonmail.com,9Udv2j&IAj#UC*L9
291,Emma Young,emma.young3269@yahoo.com,1NUxH$u5JN
292,Angela Thomas,angela.thomas4548@hotmail.com,1&jXmu9B5s15V
293,Barbara Harris,barbara.harris2151@icloud.com,4HHI^unVU9VG&o
294,Andrew Scott,andrew.scott1161@icloud.com,*sc9LgEXIZ
295,Jason Allen,jason.allen9843@icloud.com,tdXtA61QZAxyuM
296,Mark Robinson,mark.robinson263@hotmail.com,^*bQ$t@Xf%
297,Timothy Lopez,timothy.lopez3256@yahoo.com,$Dag@UPbC8g0
298,Steven Davis,steven.davis7653@protonmail.com,F!!wRMc*HjWT02
299,Donald Harris,donald.harris3756@yahoo.com,Omu40pYag@iL
300,Jason Rodriguez,jason.rodriguez9554@gmail.com,Ypv8&h43@HUFF
301,Christopher Johnson,christopher.johnson9113@hotmail.com,GdGKG!4$GqXsH3
302,Stephanie Mitchell,stephanie.mitchell1439@protonmail.com,fQF8A7iEUbthS
303,Charles Walker,charles.walker8554@protonmail.com,Ni2ECaNgSAie
304,David Garcia,david.garcia2428@outlook.com,XBnFUq6jmf
305,David Brown,david.brown4100@hotmail.com,#q%U2aNwumoio8Sl
306,Charles Rivera,charles.rivera2155@yahoo.com,KS!9%ni$Eb7iljk
307,Susan Mitchell,susan.mitchell5605@example.com,W@kyIRtU@@K
308,Jessica Gonzalez,jessica.gonzalez1072@protonmail.com,Dc65w1pLy*CY
309,Ryan Jackson,ryan.jackson2787@outlook.com,HkRzM1x@OCLQuR
310,Paul Torres,paul.torres1896@gmail.com,z4gnVZ*JOUmmr
311,Nicholas Walker,nicholas.walker1355@example.com,q8tI@iye$E0qr
312,Amanda Gonzalez,amanda.gonzalez7378@example.com,t%$ZNsjrthleDH7
313,Thomas Robinson,thomas.robinson2605@icloud.com,@^68e#aquBV!M6
314,Joshua Young,joshua.young5925@yahoo.com,BrU6Q@iBs1d%&7
315,Mary Baker,mary.baker6811@gmail.com,$SR@%sMtRO
316,Ronald Hernandez,ronald.hernandez6085@outlook.com,8*qJp%$@06REWC
317,Susan Carter,susan.carter8022@hotmail.com,Uc2yXNESR5Am4
318,Melissa Martin,melissa.martin9782@gmail.com,mkI*ZiEwo7q
319,Michael Lopez,michael.lopez8276@example.com,EMGTT$lwwG
320,Jacob Anderson,jacob.anderson4405@hotmail.com,EKyS*cUCTttrOuLo
321,Susan Baker,susan.baker7211@hotmail.com,90&q*dVTz2R
322,William Campbell,william.campbell5435@icloud.com,nww1J5rsWWCkj
323,George Lee,george.lee7193@icloud.com,McztA&*1l9bkTIP
324,Michael Walker,michael.walker1807@gmail.com,EEIYTub32LZlMOZ
325,Kevin Hill,kevin.hill9145@example.com,2aT0Q4D#Ud&QwLt
326,William Wilson,william.wilson3885@outlook.com,oO&aj7YF0wVw
327,Kenneth Thomas,kenneth.thomas9979@example.com,ZHhrhiYNI7AmRSa
328,Amanda Taylor,amanda.taylor1395@example.com,@Rbg^LqITzaL
329,Nicole Taylor,nicole.taylor9106@yahoo.com,yGxsMaAXlie#KLMd
330,Lisa Hall,lisa.hall1260@protonmail.com,tW!Q@bh6o$
331,Margaret Garcia,margaret.garcia6561@example.com,81y8bIeuLN
332,Barbara Lewis,barbara.lewis1973@protonmail.com,e2n8F24bT*ki%n
333,Michael Adams,michael.adams4887@hotmail.com,nkLSW!PtyC
334,Amy Adams,amy.adams2791@gmail.com,inl3lSDaf98shHFa
335,Stephanie Smith,stephanie.smith649@yahoo.com,TkQ^7JFZjLR
336,Ashley Williams,ashley.williams665@hotmail.com,wC8jKxbgSzm
337,Stephanie Allen,stephanie.allen1195@protonmail.com,#0PCV5vJ^A%
338,Laura Young,laura.young2418@hotmail.com,nG%&NvAnJ2
339,Jeffrey Garcia,jeffrey.garcia5857@hotmail.com,aXCgU6h&9YzlJ1
340,Rebecca Nelson,rebecca.nelson242@outlook.com,GnL7BQzu@lInm
341,Kevin Thomas,kevin.thomas5628@outlook.com,2KNFIFrfK93g$v
342,Eric Brown,eric.brown3555@gmail.com,hAQnMof13N*
343,Eric Hernandez,eric.hernandez2807@yahoo.com,KVAeGPnG88e
344,Melissa Perez,melissa.perez7340@hotmail.com,LY@oloBivV6
345,Nancy Davis,nancy.davis395@example.com,vdv1YxISfKx
346,Betty Miller,betty.miller8482@outlook.com,y5v7avxnUk
347,Amy Flores,amy.flores3938@outlook.com,5SR@ADx6gPtIb9xZ
348,Eric Roberts,eric.roberts7750@hotmail.com,Zz4AyIg5$X8K
349,Thomas Hall,thomas.hall448@icloud.com,VAB*PrzmVvpL$3r1
350,Timothy Thompson,timothy.thompson5284@hotmail.com,U$QAk!2&NAth!v1k
351,Anthony Davis,anthony.davis1154@gmail.com,cf8u*lRbqdkeC
352,Mary Brown,mary.brown7771@icloud.com,z%nIv$wDI7RTVc
353,Sandra Perez,sandra.perez8880@hotmail.com,XlYlppoJC8uw
354,Cynthia Moore,cynthia.moore4613@outlook.com,@T1#&%dbKW
355,Elizabeth Garcia,elizabeth.garcia751@example.com,pctLad&lH4
356,Edward Martinez,edward.martinez4541@yahoo.com,$7CQlqyfYo$Jf
357,Nancy Thompson,nancy.thompson366@icloud.com,lHXwVAx#0uI
358,Betty Hill,betty.hill9668@yahoo.com,bTF6Ek8%UoeTkS
359,Stephanie Hill,stephanie.hill7026@icloud.com,CLRlBlq7DXC5^!49
360,Susan Carter,susan.carter1216@yahoo.com,RbbyneciBY
361,Deborah Adams,deborah.adams475@yahoo.com,JzDVfv5qS1gay
362,Ashley White,ashley.white8037@example.com,@3185fGOZC&c&#v
363,Betty Torres,betty.torres4344@icloud.com,0Xd2I%GDvHlmCHJ
364,Kimberly Scott,kimberly.scott2853@icloud.com,ORV3s82mxbtD!1
365,Brandon Lewis,brandon.lewis3716@icloud.com,8YDkSieZ92SqfkV
366,Deborah Harris,deborah.harris224@example.com,RMmYTfitTIn
367,Patricia Torres,patricia.torres5474@gmail.com,LyDVOi!1f3O
368,Carol Robinson,carol.robinson1461@hotmail.com,z6hw3wQ4*2G1P
369,Sarah Baker,sarah.baker9020@hotmail.com,f2^W%1T2@i
370,Karen Carter,karen.carter599@gmail.com,AV@EZfgiQVdcJm
371,Charles Campbell,charles.campbell3007@gmail.com,wxoc9ycB30nBy
372,Scott Miller,scott.miller2072@icloud.com,6Hp*UzBkYKQvn%#j
373,Emily Campbell,emily.campbell4305@icloud.com,Y%euzvUxgA
374,Margaret Thomas,margaret.thomas9718@hotmail.com,^xd7bYZS2INrGOjN
375,Gary Smith,gary.smith9314@hotmail.com,KWmEz5!J!Zp
376,Joshua Roberts,joshua.roberts5534@protonmail.com,oiu&wummDNj%4
377,Dorothy Thomas,dorothy.thomas405@icloud.com,4a93ulhI91pKIt1
378,Sharon Martinez,sharon.martinez5178@yahoo.com,hi1*AlV%WXDmj
379,Thomas Nguyen,thomas.nguyen3572@example.com,6Jjn23%@F7MIZ22
380,Donna Thomas,donna.thomas3199@example.com,2IPk4mxDs#@cEcvI
381,James Rivera,james.rivera7143@icloud.com,Hgg2O^T1C!
382,Kimberly Nguyen,kimberly.nguyen7456@gmail.com,@&0PF@SK%1D^Ht
383,Donna Martin,donna.martin6054@example.com,vt10qpeTqBhuWb^
384,Sarah Johnson,sarah.johnson1572@hotmail.com,J6VkAKAMInj5H@XD
385,Barbara Lopez,barbara.lopez1541@example.com,ruJgGznJeeQHzx
386,Eric Moore,eric.moore2460@protonmail.com,pSLCjundD#F3A
387,Jonathan Gonzalez,jonathan.gonzalez5195@yahoo.com,D#deCvISxaN
388,Kenneth Scott,kenneth.scott8981@hotmail.com,Dbfrs3lVjPYtQR
389,Michelle Martinez,michelle.martinez6517@yahoo.com,5BKPh@Q^MPm
390,Thomas Rodriguez,thomas.rodriguez3123@outlook.com,7EnlRaH#5XhCf9B
391,Jonathan Clark,jonathan.clark7071@example.com,!M^xb6YG^AMX$e
392,Stephanie Garcia,stephanie.garcia932@example.com,e#PbKdOjVOwugtr@
393,Rebecca Garcia,rebecca.garcia8449@yahoo.com,CB^4KKHAP!1@
394,Amy Hernandez,amy.hernandez7655@example.com,5TNXC!SYxvWk&AR
395,Joshua Sanchez,joshua.sanchez4050@icloud.com,o*TGiFV$1we
396,Jonathan Gonzalez,jonathan.gonzalez8904@outlook.com,^F*Ixgfg2hR9j
397,Kimberly Gonzalez,kimberly.gonzalez8133@icloud.com,O5AG6^oWoARg
398,Daniel Jones,daniel.jones7280@example.com,ec2mHm5VA5deY
399,Emily Young,emily.young9843@protonmail.com,gm8QClb!fPWNLK
400,Angela Hall,angela.hall8186@outlook.com,8GTN25JL!P
401,Dorothy Young,dorothy.young4838@hotmail.com,SJtNaQLPHp*5
402,Edward Wilson,edward.wilson6061@hotmail.com,P!^pNZGd@aju9p
403,Eric Torres,eric.torres7719@icloud.com,RrC8x9Mp2Ah@T1
404,Pamela Lee,pamela.lee5916@hotmail.com,E1n2g8umP*LF!Z#
405,Sarah Smith,sarah.smith1881@gmail.com,yB1VcehP@$N
406,Karen Gonzalez,karen.gonzalez9712@protonmail.com,v7nACX%qr$plZm$P
407,Brian Lopez,brian.lopez805@gmail.com,RZCaftT4#6
408,Anna Ramirez,anna.ramirez9977@hotmail.com,sCPbELwh6$7
409,Margaret Smith,margaret.smith9743@example.com,!2#ehkrpvv
410,Kathleen Wright,kathleen.wright977@example.com,ZB2pkAw&6m!NepVT
411,Eric Gonzalez,eric.gonzalez8131@gmail.com,FGvHcrxba*aL%hW
412,Sarah Martin,sarah.martin1565@gmail.com,3G9oWMAac^f
413,Daniel Allen,daniel.allen2242@outlook.com,HhHa&pgnjBiH&DfF
414,Nicholas Adams,nicholas.adams9716@icloud.com,H3QrW*cmGky
415,Jessica Martin,jessica.martin1185@icloud.com,sPOrWEUw!c
416,Margaret Clark,margaret.clark3699@hotmail.com,RUyAw91uqDAdj1#
417,Melissa Campbell,melissa.campbell5373@gmail.com,q1Z!Cily#s9
418,Susan Walker,susan.walker6994@hotmail.com,uIPL9mqnVt3$&4d&
419,Anthony Thomas,anthony.thomas2178@hotmail.com,5^NXCz^M644TB$5W
420,Stephen Anderson,stephen.anderson492@yahoo.com,oaxq0IP!7Uh*^7K
421,John Adams,john.adams8395@protonmail.com,bg6&t%8pufBLWJ
422,Charles Robinson,charles.robinson4822@protonmail.com,rzT*jWUDGuU
423,Robert Thompson,robert.thompson2300@hotmail.com,Hmy^3RrQbTVv
424,Eric Walker,eric.walker5688@hotmail.com,nO@IhXuZ@2
425,Justin Jackson,justin.jackson3958@hotmail.com,3zIC02iZHDpQArQh
426,Linda Nguyen,linda.nguyen9634@icloud.com,rTsOEq!gw8
427,Samantha Scott,samantha.scott3746@icloud.com,hl3WE63F9G
428,Edward Nguyen,edward.nguyen6697@outlook.com,reu@Lgi5wMp!dMp
429,Carol Young,carol.young7306@yahoo.com,n^t6N6N0Hd8PL8Qn
430,Robert White,robert.white7251@example.com,xGKh$Z!ToBAkVSu3
431,Eric Torres,eric.torres3203@yahoo.com,xTVazn%CgMAlA88
432,Kenneth Moore,kenneth.moore2515@hotmail.com,glb7x8po2Pzc
433,Margaret Gonzalez,margaret.gonzalez9894@protonmail.com,HO4%RH7A*Vc3Uhg
434,Shirley Carter,shirley.carter2720@yahoo.com,gv9^aRReqN09DuSD
435,Rebecca Moore,rebecca.moore2107@outlook.com,7xmN2izTnZ&4%
436,Sandra Perez,sandra.perez3284@protonmail.com,A7dc3nk0rPdMrE
437,Jacob Thomas,jacob.thomas6210@icloud.com,2p0jKC51EGV5
438,Laura Adams,laura.adams7815@yahoo.com,Je@*uB9k7a0#Er
439,Cynthia White,cynthia.white35@gmail.com,RYSZ^4gtVbxY67MM
440,Joseph Williams,joseph.williams3339@gmail.com,9*VuF6AgnZy23
441,Scott Lopez,scott.lopez8834@gmail.com,NNanJKC@E9fndu$d
442,Sandra Moore,sandra.moore9530@example.com,^gM0C*oC!%UHHK#N
443,Matthew Nelson,matthew.nelson1602@example.com,1IB*$D6ap9$
444,Donald Williams,donald.williams2249@protonmail.com,5HKf9L$KgWk
445,Mary Lopez,mary.lopez629@hotmail.com,EyNYL0G%ztVFZyD
446,Anna Martinez,anna.martinez9998@hotmail.com,AMUpM8lrk5KkZJV
447,Anthony Johnson,anthony.johnson3879@gmail.com,AOyP883zSq
448,Eric Lopez,eric.lopez5734@protonmail.com,!eqLUPgd#j3xPcy
449,Emma Green,emma.green9711@outlook.com,3gEzVF3Y@*#%qYd
450,Emma Perez,emma.perez2219@protonmail.com,l23yELnWlyBRKB*
451,Paul Jackson,paul.jackson8615@protonmail.com,dIj$o6G9*6g
452,George Lopez,george.lopez5705@yahoo.com,uYuKjg4N^u
453,Kathleen Robinson,kathleen.robinson3587@icloud.com,nZjedS7KQFwXx
454,Christopher Thompson,christopher.thompson185@example.com,&1ANxy%VW&@CjkA
455,Matthew Hall,matthew.hall2128@protonmail.com,105OeE5JH%
456,Carol Allen,carol.allen2177@protonmail.com,Pkau3iI%9QNo
457,Susan Taylor,susan.taylor4068@outlook.com,UfEQ%40s@4O
458,Sandra Thompson,sandra.thompson2560@protonmail.com,J33km$tt3$&Ris5
459,Sharon Robinson,sharon.robinson2884@outlook.com,wKTxrB!v@pe&Z6C
460,Kevin Walker,kevin.walker8258@example.com,3dfA6jJS*j2L
461,Emma Williams,emma.williams521@icloud.com,F@lD&zOj*9uqU
462,Jennifer Hill,jennifer.hill6106@gmail.com,TxS9H9svb5SFW2DA
463,Amanda Rivera,amanda.rivera1447@outlook.com,vQi6rhuxeAm!E2U
464,Christopher Martinez,christopher.martinez7925@example.com,UXbR@n!mTl7g
465,Sharon Davis,sharon.davis5904@hotmail.com,Dic^&^4xNR*10YI
466,Michelle Hall,michelle.hall5338@outlook.com,R$EpHd@KGN@N5iK
467,Matthew Gonzalez,matthew.gonzalez4423@outlook.com,olxW!3lMy&3r
468,Karen Walker,karen.walker5124@gmail.com,58nDur*X4$SO5
469,Karen Thompson,karen.thompson2264@icloud.com,yPzwW9zdHcU
470,Pamela Hernandez,pamela.hernandez9777@gmail.com,eo0W@@y&F7T^!zXb
471,Nancy Taylor,nancy.taylor7891@icloud.com,ImvWQkpD8yTL^4
472,Stephen Harris,stephen.harris6497@outlook.com,i0rgq1kaE!v9NJM
473,Betty Johnson,betty.johnson688@gmail.com,bJ$OI*3$#g#r^^
474,Ashley Campbell,ashley.campbell4952@gmail.com,mxJkKN7GC2
475,Michelle Nelson,michelle.nelson4114@example.com,dZ4cXq^pfq&E@P
476,Cynthia Lopez,cynthia.lopez8181@icloud.com,g^Rq3BT@1Ldqj&Tl
477,John Miller,john.miller817@protonmail.com,oIv@MJ$9Umv@c
478,Joseph Torres,joseph.torres1738@protonmail.com,bExOdCAgFs
479,Jason Scott,jason.scott1078@protonmail.com,l96owq!XChq
480,Cynthia Wright,cynthia.wright921@protonmail.com,ZTHwv0awt@xDV
481,Jessica Robinson,jessica.robinson4426@icloud.com,9V9pEcjzvz5TVa
482,Lisa Brown,lisa.brown3062@hotmail.com,Dk2iK#3@6C
483,Eric Hall,eric.hall1645@protonmail.com,Phu1OwM%Ft9ZpW1P
484,Emma Davis,emma.davis4362@icloud.com,G5zuSjuw77t
485,Joshua Taylor,joshua.taylor1625@protonmail.com,lPW8ox6SnOoF
486,Nicholas Campbell,nicholas.campbell7389@protonmail.com,3Iu$G%NjRQ4P9RL%
487,Angela Moore,angela.moore9236@gmail.com,qb*gHD#p!@
488,William Campbell,william.campbell5678@hotmail.com,KheTIYXgBD
489,Jason Mitchell,jason.mitchell4196@gmail.com,o5q9Nzvg*@T#YXxU
490,Betty Scott,betty.scott1234@protonmail.com,#t*vT#^ceGih
491,Emma Taylor,emma.taylor2888@outlook.com,YVhAfZ7e&JW1ZQ
492,Lisa Thomas,lisa.thomas6505@example.com,qO@4xDn42ff
493,James Lee,james.lee9692@example.com,4XXhTJQU3stE
494,Brenda Hernandez,brenda.hernandez1658@yahoo.com,Ixhej1%9nF*kI@
495,Kathleen Torres,kathleen.torres8617@hotmail.com,WM9g^rAEci$oTOXU
496,Christopher Rodriguez,christopher.rodriguez9357@outlook.com,apxER2uz7XAyN$
497,Joshua Gonzalez,joshua.gonzalez2372@hotmail.com,iwmbsjxV3qln#Mc
498,Pamela Robinson,pamela.robinson1719@outlook.com,6YXmK$7GT8DBuI4
499,Stephen Adams,stephen.adams2018@gmail.com,mg9JW2Fl3*!E6
500,Gary Carter,gary.carter1523@outlook.com,QxtrC#nj@4
501,Sandra Sanchez,sandra.sanchez1164@outlook.com,7MagOPa7VU
502,Lisa Carter,lisa.carter9793@yahoo.com,Jtk5^a@#d%n58SLT
503,Brenda Harris,brenda.harris9763@icloud.com,qvK287XW0%oVBv
504,Laura Roberts,laura.roberts2905@outlook.com,%R%kscjoKBdhAPS
505,Kevin Carter,kevin.carter3696@gmail.com,lnqvA*j7pf
506,Daniel Lewis,daniel.lewis690@yahoo.com,ZtLkZYSNUW
507,Donna Lewis,donna.lewis933@protonmail.com,0rQWNatSjt
508,Larry King,larry.king9881@example.com,6c0N@947w0SaVYl
509,Steven Lee,steven.lee833@hotmail.com,uX0Fsxbt9fvTjm
510,Joshua Williams,joshua.williams8341@icloud.com,S%2mn#AY@&Qjok&
511,Michael Harris,michael.harris6619@example.com,NiK^QE*808hoj
512,Charles Hernandez,charles.hernandez7646@icloud.com,MLrZhvt%H0kg&bL
513,Margaret Allen,margaret.allen7652@protonmail.com,Wi#KpCjt*YWPOxh
514,Kenneth Campbell,kenneth.campbell8271@gmail.com,WT^RYT9FcLne^
515,Jennifer White,jennifer.white6917@yahoo.com,1eM*^0dUST#td
516,Eric Nguyen,eric.nguyen3292@hotmail.com,ku3WKdQ52!
517,Christopher Miller,christopher.miller2411@protonmail.com,fEoUWWP6EBq
518,Richard Hill,richard.hill7497@protonmail.com,soeLowfT00J^kD
519,David Johnson,david.johnson1346@outlook.com,2LCMyV6zVmShFDOr
520,Brian Green,brian.green6193@example.com,qVmnMRVB9oBa2^k
521,Timothy Lee,timothy.lee7143@protonmail.com,^KzhTE#WeoPkvPL
522,Jonathan Harris,jonathan.harris6076@hotmail.com,kxd^QGUFvA
523,Barbara Jones,barbara.jones7642@icloud.com,goEUIW&pVYjxn3u
524,Elizabeth Flores,elizabeth.flores1811@protonmail.com,Rz1QM17tdeJ
525,Jacob Torres,jacob.torres4302@example.com,dWczlIHqzbz
526,Daniel Smith,daniel.smith8953@outlook.com,&ylz45HZhWL9P1^J
527,Linda Martin,linda.martin6917@hotmail.com,DvIrKj2CntkFP2A
528,Emma Carter,emma.carter4777@example.com,CSO%Qb&dpNr
529,Thomas Baker,thomas.baker1382@icloud.com,cHtWWX#vt3
530,James Roberts,james.roberts9677@yahoo.com,@GSz2gMa1l
531,Mark Perez,mark.perez3734@gmail.com,PF7^i85T!xYl
532,Matthew Thompson,matthew.thompson3812@icloud.com,ZEyHqcJoQy!2^
533,Larry Ramirez,larry.ramirez6659@outlook.com,#IA0RF4ZBe$8$a
534,Amanda Hall,amanda.hall734@outlook.com,OqvybSJ$j$44
535,Brenda Carter,brenda.carter8703@hotmail.com,fr4sVQawsZ2jQE5Q
536,Sandra Miller,sandra.miller9635@yahoo.com,riIJVePsF!E$
537,Jason Thompson,jason.thompson4588@hotmail.com,@ZUB0!ZeS8&ni7
538,Larry Martinez,larry.martinez4521@protonmail.com,wi*4KEnhxn
539,Dorothy Walker,dorothy.walker3690@protonmail.com,Pp%b8p1xDnRFoCL
540,Ryan Lopez,ryan.lopez6216@outlook.com,K@nK%Nct8wRq52s
541,Betty Gonzalez,betty.gonzalez545@icloud.com,$3%Q@*&fm6X*C
542,Pamela Lewis,pamela.lewis3136@gmail.com,fvMH6YWsR4b7iLu
543,Kathleen Baker,kathleen.baker3609@icloud.com,Q^P^GBYSn9PW
544,Daniel Perez,daniel.perez6109@yahoo.com,5%q#TzMDwYMX
545,Karen Jones,karen.jones2007@outlook.com,ohgOB5*EEapFnD
546,Brian Martin,brian.martin4388@gmail.com,Yc^QD#cvM#W3
547,Mary Carter,mary.carter5892@protonmail.com,5K4Jq8OYp&
548,David Anderson,david.anderson6148@icloud.com,D3AUrRcUqK5Jzpn
549,William Carter,william.carter2003@outlook.com,UPT0m09f$San&
550,Carol Nguyen,carol.nguyen2254@icloud.com,Q!c7N*2zg1B8
551,Richard Jones,richard.jones1910@outlook.com,5kRz8Z%YY1RKP
552,Shirley Moore,shirley.moore1525@example.com,lKfBT^4UHeFHTapA
553,Anna Scott,anna.scott7065@hotmail.com,kfi7PloQ#vxh
554,David Allen,david.allen2378@gmail.com,QT$nRkTQi9mO$sf
555,Elizabeth Robinson,elizabeth.robinson93@example.com,MEePDN1ZrKyZ%Ihd
556,Ronald Green,ronald.green2714@icloud.com,qztCC&CSZmt
557,Amanda Garcia,amanda.garcia6218@yahoo.com,xkD0#qXLNS5KBi1
558,Cynthia Nguyen,cynthia.nguyen7427@hotmail.com,2NBPyGRpE57i
559,Matthew Lewis,matthew.lewis9278@outlook.com,MU*bi61L9Q9
560,Gary Rivera,gary.rivera7856@outlook.com,7Eji6B5Z0G
561,Donald Lee,donald.lee3224@protonmail.com,nhkofn#UYRD67
562,Sandra Green,sandra.green1587@gmail.com,egjd3aLhstcgY
563,Shirley Johnson,shirley.johnson7901@outlook.com,bO#i#2KR3M^*
564,Justin Campbell,justin.campbell3505@icloud.com,a%JvKc^#T!!!O4ED
565,Kenneth Hill,kenneth.hill8152@hotmail.com,lySmo&ktygHd%t6M
566,Ronald Lopez,ronald.lopez8008@icloud.com,t!SYoa!$eLla%7
567,Sarah Baker,sarah.baker1314@hotmail.com,eSmd2hRKP89lB
568,Timothy Jackson,timothy.jackson8857@protonmail.com,NApsyUVoCA
569,Nicholas Walker,nicholas.walker3166@hotmail.com,ZkVGgh9WQuEmsk
570,Amy Robinson,amy.robinson9618@outlook.com,$n64mSIOeRYqma7
571,Stephanie Jones,stephanie.jones543@protonmail.com,lWvZ^tzvDSd7
572,Charles White,charles.white5575@gmail.com,x15YSeF!EkL28
573,Jason Clark,jason.clark1706@gmail.com,r9h7@lfKL6ia
574,Linda Adams,linda.adams7378@gmail.com,U^BT9qh!In!M
575,George Hall,george.hall6734@yahoo.com,$QD87U@HSRb
576,Sharon Perez,sharon.perez3454@gmail.com,VQOACzS*^2^m&o%
577,Eric Rodriguez,eric.rodriguez9429@icloud.com,EkevHLqZGNwP8
578,Paul Wilson,paul.wilson6505@hotmail.com,HN&E@FWZJwV
579,Brian Clark,brian.clark4900@hotmail.com,v33l!9J@!1F0v
580,Kevin Thomas,kevin.thomas2930@outlook.com,6wkAqZY0C#EluO1W
581,Jacob White,jacob.white8537@icloud.com,QEELK*ovpaAO
582,Dorothy Allen,dorothy.allen7648@gmail.com,MeMJ6O7ZG9&Z25
583,Emily Lee,emily.lee6535@example.com,g7gZ1FemDXHm*V
584,Linda Anderson,linda.anderson4158@protonmail.com,b8P4DIpV5mn
585,Gary Rivera,gary.rivera471@gmail.com,5xFcEcu3B&W&E
586,Jason Clark,jason.clark234@example.com,O1RCcQL2r*hmN
587,Kenneth Baker,kenneth.baker7509@yahoo.com,XYH*Od2F3rRJBm
588,Elizabeth Perez,elizabeth.perez8371@outlook.com,2V6QT3uVh35I
589,Matthew Lee,matthew.lee9439@example.com,aPn5SXfmkh^$
590,Kimberly Hill,kimberly.hill6671@hotmail.com,iTiH5OlIUT^i%
591,Ryan Jones,ryan.jones8595@protonmail.com,r5ik^bw1Vx
592,Sandra Williams,sandra.williams279@yahoo.com,8#uNOmABx^DhDo
593,Jacob Hall,jacob.hall801@example.com,Du%&WHcE!60QR5
594,Jonathan Brown,jonathan.brown8069@outlook.com,qjq33m@#sNm5Ue
595,Betty Garcia,betty.garcia9666@icloud.com,XF3hHN%z4uNi%gcA
596,Jessica Perez,jessica.perez8833@yahoo.com,dN29XAg3$x!L
597,Jonathan Jones,jonathan.jones5936@protonmail.com,jp65HRewqY
598,Stephen Perez,stephen.perez1241@example.com,1k#!Bq1Mi$
599,Brenda Mitchell,brenda.mitchell3074@outlook.com,a4OL$UWqV$
600,Margaret Martinez,margaret.martinez7298@example.com,Z4C4bXLx2dzcY!
601,Karen Thomas,karen.thomas1270@outlook.com,&EP%03f@q%vdC
602,Kevin Rivera,kevin.rivera5644@gmail.com,i%zPHdzN!&yEsP6O
603,Jason Sanchez,jason.sanchez1483@protonmail.com,B%em0HAw9eWN
604,Donald Young,donald.young4031@protonmail.com,^3Pm@hNmWfo66cd
605,Thomas Young,thomas.young4808@icloud.com,vZVziAlb9Rpe
606,Steven Campbell,steven.campbell5522@outlook.com,zIhQAdue8CC@&z
607,Barbara Lee,barbara.lee4795@gmail.com,hiD!$3uE8Jd@7E
608,Dorothy Hall,dorothy.hall3627@hotmail.com,v$tUs&ji!j
609,Emily Johnson,emily.johnson9313@protonmail.com,9KwQmfXZ3VeIM7d7
610,Gary Hall,gary.hall4112@outlook.com,5Nc@dU1mdHiE!N
611,Kimberly Hernandez,kimberly.hernandez1334@icloud.com,Xn8*O7WthuuJke
612,Daniel Williams,daniel.williams9555@yahoo.com,IKn4aN$EUuAs
613,Edward Rivera,edward.rivera7936@gmail.com,^OOEHtU!1^
614,Nicole Young,nicole.young6158@gmail.com,#57g21h3S3C*g
615,Mary Smith,mary.smith2210@protonmail.com,MF0ERAjS#rP^
616,Paul King,paul.king5195@hotmail.com,6EXUXhc%SEt580
617,Cynthia Gonzalez,cynthia.gonzalez2575@hotmail.com,x8n6^j68nU
618,Mark Jackson,mark.jackson4724@icloud.com,MKbE6qXH*%7e
619,Robert Baker,robert.baker4810@protonmail.com,Qg67TPa3iq6
620,Edward Rivera,edward.rivera7059@yahoo.com,mop7NpfZ0n!HE2AG
621,Dorothy Rodriguez,dorothy.rodriguez1279@gmail.com,g@$BTY*ifF
622,Karen King,karen.king5306@hotmail.com,!8*sBhGxXSyx
623,Timothy Nguyen,timothy.nguyen849@protonmail.com,M6Gvt5@Rf8Vite
624,Kevin Anderson,kevin.anderson7124@yahoo.com,Mi*qZNq1msazZX
625,Edward Harris,edward.harris6977@outlook.com,QCFbnq3Ov5Ne!n
626,Donald Ramirez,donald.ramirez900@yahoo.com,zhDEYrEI$L*
627,Scott Adams,scott.adams8674@gmail.com,uHHd*n*$$ZNiM*2n
628,Lisa White,lisa.white6829@gmail.com,&z1ih8Dv8Yn
629,Kathleen Walker,kathleen.walker7101@hotmail.com,1QLiII&do%%adtaM
630,Scott Hill,scott.hill6908@outlook.com,$kx$RFBswoTX
631,George Clark,george.clark2300@hotmail.com,E70X@l#vRO&a65
632,Mary Brown,mary.brown6525@protonmail.com,gm9D^3!ZuC6IJuV
633,Laura Adams,laura.adams6282@icloud.com,*2S*8DR70S
634,Christopher Campbell,christopher.campbell6940@hotmail.com,GN42mBLRsc
635,Michael Adams,michael.adams7122@hotmail.com,Mfu5zvU9N#
636,Kevin Williams,kevin.williams6169@outlook.com,@esrOlC7e*6krp2
637,Sarah Ramirez,sarah.ramirez3197@example.com,4S92Z4Vq8B
638,Brandon Ramirez,brandon.ramirez8480@icloud.com,tOGWnKqP6@KvU
639,Kimberly Scott,kimberly.scott9909@protonmail.com,W&sn7RcPd&dAUv1G
640,Elizabeth Smith,elizabeth.smith4461@gmail.com,$ODD9OIBNL
641,John Wilson,john.wilson5759@hotmail.com,8GY7@Yyr35qh@OUw
642,Amanda Scott,amanda.scott8807@outlook.com,pj&CTNP4b0xL9QB
643,Edward Robinson,edward.robinson988@protonmail.com,oSPSzP5@hhm
644,Sharon Miller,sharon.miller1119@yahoo.com,a4rKi4cF!WC^TB
645,Pamela Walker,pamela.walker1419@yahoo.com,XUxVEaWX@NB
646,John Hill,john.hill9592@hotmail.com,3hpy17KZdM7
647,Ronald Thompson,ronald.thompson5372@icloud.com,^#$Uvjm2Mhi99
648,Lisa Wilson,lisa.wilson112@protonmail.com,LJmfdhJX!!kw!ZS
649,Donna Brown,donna.brown8479@gmail.com,qT#5mUYSiI
650,Anna Nelson,anna.nelson7930@example.com,3AkigKXruSho
651,David Walker,david.walker4167@yahoo.com,*wJ9Pz!JI971
652,Brandon King,brandon.king8962@yahoo.com,hgmZn*TuSmExQuE!
653,Michelle Nelson,michelle.nelson957@hotmail.com,oSrYXTi7wopbJ
654,David Mitchell,david.mitchell6804@gmail.com,x8P^M5d!O28h5
655,Nicholas Young,nicholas.young4944@icloud.com,#APx24n&hWG
656,Kevin Garcia,kevin.garcia2126@hotmail.com,bxTrG4#fEx&O
657,Jacob Flores,jacob.flores7652@example.com,10EPAFdbOXH
658,Kathleen King,kathleen.king6622@example.com,cd#PUHIF1s
659,Jennifer Green,jennifer.green3622@yahoo.com,mgWZgZNar8P9g5
660,Edward Martin,edward.martin486@outlook.com,YZ6d#ts&fZA
661,Timothy Johnson,timothy.johnson9934@example.com,XZVOvOCVZEQtR
662,Elizabeth Gonzalez,elizabeth.gonzalez230@hotmail.com,8WxCbx5b0Bq
663,Christopher Hernandez,christopher.hernandez8864@protonmail.com,WC0IhKXlE7d
664,Nicole Torres,nicole.torres3353@gmail.com,H5JV6U^paUfAwH8Y
665,Eric Roberts,eric.roberts7963@yahoo.com,Zzx*M&lU7ud
666,Emma Young,emma.young1396@outlook.com,kdBFK0MwX7%*FKz
667,Amanda Campbell,amanda.campbell7085@protonmail.com,dWuWdVksCI
668,Jennifer Carter,jennifer.carter4866@example.com,n2JJqmBtWBmP
669,Jeffrey Campbell,jeffrey.campbell8756@icloud.com,bUWO0wt7PltP2*ih
670,Shirley Rodriguez,shirley.rodriguez7612@protonmail.com,JkcuYV9G5yLJKo
671,Jessica Wilson,jessica.wilson1041@protonmail.com,hTaAZemCDz
672,Jonathan Nguyen,jonathan.nguyen1145@yahoo.com,R1#lcb21c5hF
673,Deborah Lee,deborah.lee3112@yahoo.com,ZvVU0jCP3S5Y^^D
674,Scott Adams,scott.adams3253@outlook.com,nbvxk&N!Z#rz
675,Carol Miller,carol.miller3768@hotmail.com,CjS!VrJ^cf7eI3F!
676,Stephen Rodriguez,stephen.rodriguez9719@icloud.com,22WK88sF66prF2
677,Angela Davis,angela.davis4552@yahoo.com,m0IlXfRIl7s%ceS
678,Christopher Torres,christopher.torres9318@protonmail.com,0i9nqS4CBSzd#
679,Jessica Thompson,jessica.thompson8605@example.com,*wqzGPN!NM4
680,Carol Jones,carol.jones2266@example.com,CE8m#EtOHTHPCO*
681,Steven Walker,steven.walker4828@icloud.com,7AbuZyFsQi
682,Susan Sanchez,susan.sanchez7063@gmail.com,aAHW#Dcs4H&
683,Jonathan Carter,jonathan.carter1793@outlook.com,qUu%BuOMN*A&rIqj
684,Anna Williams,anna.williams6160@outlook.com,KAAeapmb9Gg6o
685,Amanda Hernandez,amanda.hernandez453@yahoo.com,y3$J$CeAwj
686,Donna Campbell,donna.campbell9273@hotmail.com,dgTtktFu3W!mJDna
687,Donna Nguyen,donna.nguyen9116@icloud.com,nBF^AZ!C#$L!7K
688,Linda Campbell,linda.campbell3904@example.com,tJJ5CiU^II*MB
689,Rebecca Jackson,rebecca.jackson8624@hotmail.com,wjTMr9aztU!
690,Joshua Thompson,joshua.thompson776@gmail.com,RgeOChyc1@#1
691,Richard Lopez,richard.lopez4673@yahoo.com,yxJOgkSeV6*Esv
692,Anna Brown,anna.brown5962@outlook.com,eQMO39cy%roe5r5y
693,Sandra Carter,sandra.carter2053@protonmail.com,L1ztyXJQAwm4n7dm
694,Michelle Moore,michelle.moore3381@gmail.com,V5ycLf5%mGbs%Sg
695,Emily Lewis,emily.lewis692@hotmail.com,h%#BrS1cM9r
696,Brenda Torres,brenda.torres1602@protonmail.com,AQm9VUfqLLqo%H#T
697,Kathleen Hill,kathleen.hill3108@outlook.com,x2@wc1ugk@3ckeXk
698,Edward Carter,edward.carter1994@hotmail.com,7fuMfE^YE^7i
699,John Thomas,john.thomas4585@example.com,@k3JsS5Mevp
700,Jacob Davis,jacob.davis8036@gmail.com,q7WQj^xxIf%$#hI8
701,Brenda White,brenda.white688@example.com,LPN6ABaZo$Kzre
702,Andrew Miller,andrew.miller4094@example.com,4GBNW9S%ny!vzdLe
703,Ronald Davis,ronald.davis4038@hotmail.com,WXlk3OUDuzf2J9rK
704,John Baker,john.baker9610@protonmail.com,5svRdVg*5*
705,James Rodriguez,james.rodriguez9893@hotmail.com,hukv^!!*f!qmmUq
706,Nancy Thompson,nancy.thompson7634@icloud.com,x7Ta!6D70fqJb
707,Brenda Allen,brenda.allen3664@outlook.com,2L$tQY51@xPy
708,Dorothy Lee,dorothy.lee1062@icloud.com,sbK2J7DQ*U
709,Andrew Davis,andrew.davis6818@example.com,$K&yoDq#nJ#
710,Margaret Young,margaret.young318@icloud.com,Cd6B&NjtW!c
711,Karen Williams,karen.williams3530@example.com,F&3cdbb*Bgp
712,Edward Hernandez,edward.hernandez5090@outlook.com,HHdy7qSztXc
713,Jason Young,jason.young3613@icloud.com,kxSsRh1tB6*
714,Carol Walker,carol.walker8522@hotmail.com,gOJ%#9ahyD0G&yY
715,Rebecca Robinson,rebecca.robinson3819@gmail.com,R2^sX2wAqzJ4!
716,Melissa Hernandez,melissa.hernandez4307@yahoo.com,TsX3#NyvuViX#Py$
717,Brian Wright,brian.wright2466@hotmail.com,KNZ8&#%Nbi#evH
718,Michelle Rodriguez,michelle.rodriguez4563@icloud.com,@uIbkT5@F^ClMxW
719,David Thompson,david.thompson9710@icloud.com,S2iT4o!RIP1H5hq$
720,John Green,john.green8424@example.com,B9QY^zzY^DN
721,Kevin Campbell,kevin.campbell5081@gmail.com,7o$bn27N$xx
722,William Jackson,william.jackson1028@example.com,X1R!R#66L!
723,Richard Rodriguez,richard.rodriguez5720@example.com,^h1NP@NqQBDdSBr&
724,Brenda Lee,brenda.lee699@yahoo.com,SQ##zGPurvr
725,Mark Green,mark.green7443@example.com,#dPJLA9Ojo5l@U
726,Gary Sanchez,gary.sanchez3881@protonmail.com,R6Si4&$qYdEfT*
727,Sandra Mitchell,sandra.mitchell9773@protonmail.com,ARZxdLTw0X
728,Emma Garcia,emma.garcia9708@gmail.com,b2t$dLPck3
729,Emily Miller,emily.miller5408@hotmail.com,X4uYxf9J7WkTM
730,Nancy Thompson,nancy.thompson3143@gmail.com,QqpUDd9376#&
731,John Torres,john.torres1430@yahoo.com,Gfrbpjt4q@9DJEhY
732,Gary Thomas,gary.thomas9389@icloud.com,1Rg#pDO8U2
733,Barbara Carter,barbara.carter2707@outlook.com,g%tH%iej*zy1frRe
734,Thomas Gonzalez,thomas.gonzalez9549@outlook.com,Kg*fe$VIzE8
735,Jeffrey Walker,jeffrey.walker8927@protonmail.com,6AmWzhM9U1RDY$
736,Laura Thomas,laura.thomas304@example.com,httjmJbRu8E6
737,Ryan Perez,ryan.perez7750@outlook.com,cAhvUILvwS1
738,Nicholas Moore,nicholas.moore5454@example.com,pXAMjANXQjAP#kro
739,Dorothy Harris,dorothy.harris9145@gmail.com,sNki678reWW
740,Ashley Hall,ashley.hall1424@gmail.com,Nzb5Je2H$0MsNQ8
741,Ronald Allen,ronald.allen7798@icloud.com,ivuKWy3Mw6C
742,Sandra Clark,sandra.clark8123@outlook.com,kNDNccmFuQdOgvz
743,William Martinez,william.martinez9386@yahoo.com,EQjctqcHy4Ga8
744,William Garcia,william.garcia4623@protonmail.com,zFIphGUpyAH$Npm
745,Brenda Wright,brenda.wright2780@example.com,l4*fZ8JCYYoSZd
746,Jessica Martinez,jessica.martinez3842@hotmail.com,cHE9b*2ri6*d61H
747,Charles Campbell,charles.campbell857@example.com,r%SQZe6n2bY
748,Joshua Hernandez,joshua.hernandez5220@yahoo.com,h#pgoQsNY#zjS
749,Joseph Wilson,joseph.wilson1013@example.com,Jg75j^LO7Gh
750,Carol Lopez,carol.lopez3116@hotmail.com,1AiOtbWE!fxXVp
751,David Gonzalez,david.gonzalez7662@icloud.com,5utcsUZalx6w
752,Paul Smith,paul.smith6751@outlook.com,qjpzJ3#ER5@
753,Nancy Carter,nancy.carter2307@protonmail.com,#u#Hp7#UA2Y
754,Jennifer Nguyen,jennifer.nguyen2757@outlook.com,L9sSYtv9yYaggI
755,Dorothy White,dorothy.white800@outlook.com,X0Wu1pVzYe8W&
756,Kenneth Wilson,kenneth.wilson1016@gmail.com,i#S&DaRgf69P9*
757,Betty Hill,betty.hill9814@icloud.com,P9vC#We8Bc^MBh!
758,Melissa Sanchez,melissa.sanchez2434@outlook.com,%cUJh7Jn9*OkbS
759,Brenda Scott,brenda.scott8123@icloud.com,tqjPEht8z&b5
760,Carol Young,carol.young1704@icloud.com,olmFN9*BNe31qM2
761,Deborah Hall,deborah.hall7009@gmail.com,MQu6&cohMw!PZ
762,Robert Miller,robert.miller2799@outlook.com,gykO8C7HI4q
763,Jessica Young,jessica.young9229@gmail.com,sX9yG2Vj7jlnb
764,Amanda Williams,amanda.williams5006@outlook.com,Qb#&ar&9T28&E&
765,Richard Rivera,richard.rivera4271@protonmail.com,qMwcAYZiUxo0
766,William Rivera,william.rivera9959@example.com,lt^RzOjlt8enci
767,Elizabeth Gonzalez,elizabeth.gonzalez938@example.com,m&#rBIwLxB0FE
768,Daniel Harris,daniel.harris3634@protonmail.com,K9&M9Zi#$9PfiBP
769,Brian Davis,brian.davis7063@example.com,%JCC3j!2aT
770,Anna Miller,anna.miller3503@outlook.com,4gZGnJGN4$Rkz8kJ
771,Amy Torres,amy.torres7404@icloud.com,6$bZgxmt^H
772,William Brown,william.brown763@outlook.com,2rE@7%PHl&
773,Barbara Rivera,barbara.rivera8584@gmail.com,aqm#^l^yGdm
774,Kevin Nelson,kevin.nelson8356@yahoo.com,ufeZLv6CEr67b
775,Betty Flores,betty.flores6846@hotmail.com,yikKfm4!&hUcaSa
776,Kevin Harris,kevin.harris4646@outlook.com,*x2j7YxIX2r8BDI
777,Edward Campbell,edward.campbell5110@gmail.com,mSwYzuQng76XSz5A
778,Laura Smith,laura.smith2948@gmail.com,wnO8daXKyq&flPy
779,Mary Lee,mary.lee7726@yahoo.com,Kth$UqUPH$
780,Anna Hernandez,anna.hernandez9142@gmail.com,xiiVT@c0R79yjG*V
781,Karen Jones,karen.jones9847@example.com,FSn5GHC2w1
782,Amanda Harris,amanda.harris3669@gmail.com,$g#Nz@PFd!2JI
783,Stephanie King,stephanie.king1202@icloud.com,5rQ#iM4a^nGX
784,Charles Davis,charles.davis614@hotmail.com,2L3^J8MK#V^@
785,Barbara Smith,barbara.smith6400@example.com,mcUA^0bZ$u
786,Samantha Jones,samantha.jones6599@example.com,uS!%Jbv0D1
787,Dorothy Baker,dorothy.baker8382@hotmail.com,mfyGptMZ5dbpNNN
788,Jennifer Wilson,jennifer.wilson6639@icloud.com,9Jwh08tQQb9
789,Brian Rivera,brian.rivera1179@gmail.com,ZnDdh@Ekz3hm8
790,Jeffrey Thomas,jeffrey.thomas2077@icloud.com,%c1RYy*$Iem
791,Shirley Wright,shirley.wright775@gmail.com,wwqg2^ELz%aGal
792,Michael King,michael.king6073@example.com,x2IPXem2s&!
793,Linda Lee,linda.lee4733@yahoo.com,qphe*XqkbX
794,Emma Lewis,emma.lewis5820@outlook.com,QA@a9ohTCPMeN67&
795,Ronald Davis,ronald.davis5313@hotmail.com,JSMZMq5*l*
796,Thomas Wilson,thomas.wilson933@example.com,iGXeJWeO4@
797,Steven King,steven.king5393@outlook.com,cD!4HzzBx^t
798,Lisa Harris,lisa.harris2366@icloud.com,GN1hl5GX0wE
799,Sandra Thompson,sandra.thompson7599@icloud.com,sToKbTmZ1Fs
800,Donna Harris,donna.harris283@icloud.com,50Wi29zp%nEcuYn%
801,Patricia Jackson,patricia.jackson6592@yahoo.com,525tcxfMs7y1Gm
802,Laura Thompson,laura.thompson4330@hotmail.com,l*N6PJwckwdIZyW
803,James Carter,james.carter5033@protonmail.com,LTcWxXto47jq
804,Jonathan Rivera,jonathan.rivera6823@example.com,%pjyV$iOyYC2m0
805,Pamela Robinson,pamela.robinson1431@example.com,p9I!hHpuN5S
806,Andrew Johnson,andrew.johnson6598@outlook.com,@Xt8X@H&&q
807,Kathleen Wilson,kathleen.wilson1028@hotmail.com,xXdE05xBqx
808,Daniel Thomas,daniel.thomas3938@hotmail.com,AIMyCQix#w1J@8WX
809,Dorothy Young,dorothy.young7883@hotmail.com,rprNOVCLEp
810,Laura Clark,laura.clark766@example.com,Gal2Pria&w3LUZ
811,Jeffrey Wright,jeffrey.wright6054@icloud.com,bkmk5$gm8GDq6Ss
812,Karen Martinez,karen.martinez869@gmail.com,iIPsjcK03Y@H
813,Timothy Anderson,timothy.anderson2215@yahoo.com,8x71FsT$F^@tI
814,Kevin Walker,kevin.walker6004@example.com,SU@Bd2x1jM$A
815,Amanda Johnson,amanda.johnson4815@example.com,aKoci$wdeRGu
816,Angela Thomas,angela.thomas5136@gmail.com,%8s6UFDWIHAFd8Md
817,Thomas Lopez,thomas.lopez4496@gmail.com,2YOp&krGw8d&mFrE
818,Joshua Jones,joshua.jones722@hotmail.com,Z6wYAb@RqG
819,Jennifer Smith,jennifer.smith1016@yahoo.com,eRVmdPdQpG92m
820,Mark Torres,mark.torres1314@outlook.com,3ckkR&Jy6F2Y&
821,Emily Rivera,emily.rivera1152@example.com,3kH9%pGSJqY
822,Emma Hall,emma.hall9564@example.com,V0&#*XdxaYgQI
823,Paul Baker,paul.baker4393@protonmail.com,X8a#g$d*6kZ$N
824,Angela King,angela.king4476@gmail.com,JxQgGbiqJ7K
825,Jeffrey Nguyen,jeffrey.nguyen9176@yahoo.com,q5KbUDiAi@Ye
826,Barbara Young,barbara.young5746@example.com,xVAR92&e83n
827,Shirley Miller,shirley.miller7705@hotmail.com,3O6V08FPQ^MDDfi
828,Daniel White,daniel.white4281@gmail.com,LKzDL^dS$LaJ@v
829,Mark Perez,mark.perez7329@outlook.com,6Q3B#p$adVTZw
830,Ryan Adams,ryan.adams5971@example.com,3J3f5TEpDKaHE
831,Amanda Garcia,amanda.garcia8955@yahoo.com,aI4gQoA^t3vc
832,Michael Brown,michael.brown6989@icloud.com,Qzacj%Wl3AWQzS3k
833,Andrew Lopez,andrew.lopez5273@example.com,@Of8sS#sEUcI
834,Timothy Hall,timothy.hall1549@protonmail.com,8Li#fowy@l9!r8MU
835,Deborah Taylor,deborah.taylor5305@icloud.com,9vc@yx#IJatwh
836,Mark Moore,mark.moore1775@outlook.com,s1JyzC0eeQ6*m
837,Deborah Hall,deborah.hall4135@icloud.com,FBy82q2LQOJj5
838,William Hernandez,william.hernandez8762@icloud.com,dK%aKTTvUK5
839,Mary Flores,mary.flores714@outlook.com,Hay1*l$n4mU$dy1v
840,Ryan Scott,ryan.scott9974@protonmail.com,x8fpGWsXPcEJ%
841,James Adams,james.adams1514@gmail.com,9Paoq*XSnaK
842,Lisa Jones,lisa.jones739@hotmail.com,bjTM!PUQpJP3
843,Donna Scott,donna.scott9330@hotmail.com,kHqKJSfR50SN#W
844,Samantha Walker,samantha.walker6085@example.com,8%Uu#K*g1m48
845,Emily Young,emily.young6923@hotmail.com,#NSR5#FhCCu5PM8H
846,Timothy Allen,timothy.allen6473@yahoo.com,w*K3wxB95nQ1C
847,Sharon Perez,sharon.perez3433@gmail.com,BON9IWtlZ$
848,Jacob Adams,jacob.adams9672@gmail.com,jPNIgJPEpOge
849,Robert Martinez,robert.martinez4851@hotmail.com,kqrBR495JKXFI&q
850,Joseph Thompson,joseph.thompson5238@hotmail.com,Pr@4Kqvt!pY
851,Stephen Sanchez,stephen.sanchez13@outlook.com,dUSdWVW&9*gQ
852,Brenda Gonzalez,brenda.gonzalez6120@example.com,Ol!x49tJQ#
853,Amanda Green,amanda.green4569@example.com,uR1KSE@#V#
854,Anna Davis,anna.davis1415@hotmail.com,t*v8UgdtqdqTFa2
855,Susan Perez,susan.perez4128@outlook.com,rhgc%Vrp2!yjw
856,Andrew Anderson,andrew.anderson5511@gmail.com,UuRpKzu25lk1iz
857,Nicholas Hall,nicholas.hall1575@yahoo.com,T#*659ywGpsGQ
858,John Adams,john.adams1248@example.com,BXzzMhFEBb&x
859,Nicholas Anderson,nicholas.anderson1188@gmail.com,vV5eydDnNNfUyur
860,David Lewis,david.lewis1316@protonmail.com,lzj107Xxb2X&NML
861,Angela Nelson,angela.nelson8791@outlook.com,wM*Ts2UyZoQLURW$
862,Kathleen Williams,kathleen.williams6766@icloud.com,XLd7gGli3T
863,Sharon Adams,sharon.adams9137@gmail.com,0QI&nqX5lMv%
864,Jonathan Lopez,jonathan.lopez357@protonmail.com,e5YAodLw1Qo
865,Matthew Ramirez,matthew.ramirez3362@outlook.com,^Mm$xVhAY9v
866,Gary Miller,gary.miller6779@yahoo.com,hibGzYM4^U4a1j*
867,Shirley Thomas,shirley.thomas7980@icloud.com,h8iJXYtwza
868,Amanda Jones,amanda.jones9670@protonmail.com,D%UdrA0&djHQ6!6
869,Joshua Moore,joshua.moore7831@yahoo.com,q*R0awhEozy
870,Steven Mitchell,steven.mitchell6824@icloud.com,BaTCz!FrQI54!!OU
871,Cynthia Clark,cynthia.clark2224@gmail.com,lC$kvbv3xTL%%g
872,Scott Sanchez,scott.sanchez1840@hotmail.com,@rkS9vLvldudg9
873,Jessica White,jessica.white3475@outlook.com,Eic6l6t7%eR3n
874,Samantha Sanchez,samantha.sanchez1534@gmail.com,1E7jyJZC8w
875,Michael Nguyen,michael.nguyen9865@example.com,vhPj3*eP5PR
876,Lisa Young,lisa.young977@outlook.com,yIgoTun2Shi^%2Nf
877,Ronald Walker,ronald.walker8889@hotmail.com,tTCX7BTh7y$f
878,Cynthia Moore,cynthia.moore6298@hotmail.com,@A@eQVigSC
879,John Flores,john.flores6582@gmail.com,!uE7dRdsTVd
880,Jacob Ramirez,jacob.ramirez5154@yahoo.com,n#qx9q8d^l8p
881,Brandon Gonzalez,brandon.gonzalez6771@yahoo.com,znGT2H2harI5n%
882,Scott Williams,scott.williams6156@hotmail.com,EWXT3t9!b6tDsPD5
883,Scott Garcia,scott.garcia1415@protonmail.com,5Qi*zqcp@lZ14Ja
884,Steven Anderson,steven.anderson2917@example.com,PbszoipjJ*$hxEQG
885,Shirley Anderson,shirley.anderson629@gmail.com,UhUTT6Gvcv5j9
886,Timothy Perez,timothy.perez5867@protonmail.com,QA@g#q!E0!Un
887,Samantha Lopez,samantha.lopez5922@hotmail.com,#XgVuj6yWH^6f4jF
888,Stephen Adams,stephen.adams317@hotmail.com,nwaPGNa7wp@evjR
889,Lisa Garcia,lisa.garcia5782@hotmail.com,0pj#QUG2hH
890,Steven Lewis,steven.lewis8739@gmail.com,tFFoVf8sjDb2
891,Matthew Gonzalez,matthew.gonzalez7786@protonmail.com,kiF^Nf&4HpZ
892,George Martinez,george.martinez3521@hotmail.com,KpPBANr9^*86j3
893,Kevin Scott,kevin.scott3211@yahoo.com,aBbgsH2O7i
894,Robert Thomas,robert.thomas7040@protonmail.com,Kun1QW9N*No
895,Barbara Anderson,barbara.anderson3175@gmail.com,SBVMn0Jo#P*1a#
896,Jason Rodriguez,jason.rodriguez72@outlook.com,8Km#yj5cSD%h!2
897,Shirley Flores,shirley.flores2868@outlook.com,sbk&7BXH5FjcJ*
898,Jason Hernandez,jason.hernandez5139@example.com,pv0Y9l^0H&
899,Amanda Miller,amanda.miller3967@protonmail.com,vRXLx@abAW0s
900,Angela Harris,angela.harris2094@hotmail.com,FM3&9Ctf!SPJ
901,Nancy Mitchell,nancy.mitchell1140@example.com,Ve9YANOU0CI!KR!
902,Kimberly Hernandez,kimberly.hernandez441@yahoo.com,a3Ovy4sLSyZsACN2
903,Sharon Roberts,sharon.roberts757@icloud.com,wJAlm0BXyE@@tb
904,Kenneth Lopez,kenneth.lopez1960@example.com,nDBBuh9HEIy
905,Charles Carter,charles.carter2258@outlook.com,uNKLEr6mugzYsv
906,Amanda Harris,amanda.harris3565@icloud.com,luHYDus%O*5$v
907,Karen Scott,karen.scott8453@gmail.com,fJ$PhYO0lh
908,Ashley Lewis,ashley.lewis2274@icloud.com,39Cn7Hidur
909,Brian Nelson,brian.nelson5200@gmail.com,$5jf!ziVM0
910,Barbara Thomas,barbara.thomas1419@yahoo.com,s1%79avUM$^xT
911,Timothy Campbell,timothy.campbell5107@example.com,dmnE2&YVn74x4Y
912,Nancy Jones,nancy.jones9822@protonmail.com,uMzSlWj$BOxSQgry
913,Deborah Smith,deborah.smith5721@icloud.com,in45hhJqfNrJrAiw
914,Lisa Smith,lisa.smith7372@yahoo.com,WH8pnQNstG
915,Steven Flores,steven.flores9260@yahoo.com,#eE7aXoBFIrfIB
916,Anthony Roberts,anthony.roberts8348@protonmail.com,Mg$Q#Q%&4HOXw691
917,Jonathan Mitchell,jonathan.mitchell8912@icloud.com,0F3g$3EqWHoF**
918,Barbara Roberts,barbara.roberts1939@gmail.com,eZ1#82$qQSgB%7
919,Sarah Perez,sarah.perez3830@yahoo.com,&f9ZhAsSw6z2u5T
920,Emily Moore,emily.moore9789@yahoo.com,v*M6Y7FsP2o16dLK
921,Dorothy Roberts,dorothy.roberts2890@icloud.com,kR2ih4Ouc9f
922,Thomas Lopez,thomas.lopez938@icloud.com,CBs#AC#S&%Q
923,Edward Miller,edward.miller8794@outlook.com,SwL0cX9C8&5@Jm
924,Melissa Taylor,melissa.taylor1709@icloud.com,&u&PhWjkknmkk
925,Carol Nguyen,carol.nguyen9548@hotmail.com,Q9xJpECPBJdZ#iSY
926,Sandra Johnson,sandra.johnson2720@hotmail.com,d!5YhVfVaapDb$
927,Samantha Adams,samantha.adams8382@gmail.com,NRVZGLtESLKyvFQ5
928,Brandon Hall,brandon.hall7892@gmail.com,o@s15VkmSll^YSe
929,William Clark,william.clark7159@yahoo.com,QMJQt@&LIA$D^Lq
930,Margaret King,margaret.king6026@yahoo.com,JkAsq1X44xfMpTk
931,Ashley Hill,ashley.hill4038@gmail.com,XZeRphANuGe#fXwy
932,Joseph Sanchez,joseph.sanchez6189@icloud.com,LZcm1fvsPnSiYk
933,Amy Brown,amy.brown7469@gmail.com,1JKxSlySo4
934,Sarah Wilson,sarah.wilson7848@yahoo.com,L*Cw6CWmfkLe
935,Linda Green,linda.green9281@example.com,giJfAtJBCNG6*
936,Lisa Harris,lisa.harris2664@gmail.com,2DDOGeoxMHGs
937,Andrew Allen,andrew.allen1557@protonmail.com,UG!KX!u37QyfQvL
938,Jennifer Thompson,jennifer.thompson1528@example.com,Sbx8VgC$czev
939,Sarah Harris,sarah.harris1904@yahoo.com,OeLacRN8S%
940,Kimberly Campbell,kimberly.campbell5660@gmail.com,nbl!bB797zbI4
941,Patricia Lopez,patricia.lopez7429@hotmail.com,$RyeA8KjACjrA6y$
942,Elizabeth Adams,elizabeth.adams9442@outlook.com,IYnVtAJb5CO#$s1
943,Gary Miller,gary.miller3884@example.com,9A4ZQynb8#b3OO4
944,Emma Rodriguez,emma.rodriguez1260@outlook.com,BIN*UwFO^K*eSl#H
945,Amanda Martinez,amanda.martinez818@icloud.com,zk!tdyy58r*C4
946,Ryan Nguyen,ryan.nguyen8162@protonmail.com,lsZdy#%luU
947,Jeffrey Moore,jeffrey.moore9674@gmail.com,dTqUY9^ZaHlAc
948,Andrew Green,andrew.green1649@outlook.com,JmUFW4&w9EeIjt%
949,Timothy Martin,timothy.martin4470@yahoo.com,gMnT&WN#mF7Ic
950,Deborah Adams,deborah.adams4991@gmail.com,^3VuA!#Sp9D4
951,Jennifer Jackson,jennifer.jackson137@protonmail.com,%&AG*rEK4PW
952,Jeffrey Hall,jeffrey.hall8152@hotmail.com,ChYO4MvZxyV80
953,James Harris,james.harris1088@example.com,!kJR^MRkNvqn
954,Jeffrey Brown,jeffrey.brown5978@outlook.com,9unf1VtaTV
955,Jessica Martin,jessica.martin8021@protonmail.com,Ek##X2jM^U*
956,Samantha Nguyen,samantha.nguyen1507@gmail.com,Sc&pfF@IPh9
957,Sharon Baker,sharon.baker531@gmail.com,$biMJuARZhqL
958,Gary Thomas,gary.thomas8967@yahoo.com,D$*6J0*q4x7
959,Larry Adams,larry.adams2981@icloud.com,pDYt7IpbyQ^
960,Joshua Nguyen,joshua.nguyen3380@icloud.com,se5IIn4sjnW^KY
961,Amanda Martinez,amanda.martinez6931@icloud.com,Rloc$XpH@3j
962,Jonathan White,jonathan.white7834@yahoo.com,ah2ECRyKT3s
963,Karen Jackson,karen.jackson6820@protonmail.com,1KuCEC93kf!7Ax7
964,Joseph Baker,joseph.baker808@yahoo.com,@#KA5eJKxYzPAy
965,Linda Thomas,linda.thomas1176@yahoo.com,Yp*lpY8Jo$f
966,Sandra Anderson,sandra.anderson5161@gmail.com,7AuOs!zGLxv6TqlE
967,Stephanie Baker,stephanie.baker8143@gmail.com,bmu^UmPR&fx$7RVg
968,Mary Lewis,mary.lewis4516@protonmail.com,Z9vB8^bazcx%^gfA
969,Christopher Taylor,christopher.taylor3451@hotmail.com,NR^!eZQqrVZSBBu
970,Brandon Campbell,brandon.campbell4307@example.com,9RCA*!27f1QHXEM
971,Ronald Scott,ronald.scott1253@outlook.com,K1HHXw$e3BV@0w
972,Scott Mitchell,scott.mitchell2169@icloud.com,mobK7ER#%7CT4A*u
973,William Davis,william.davis9289@example.com,%YEefWYsHQc0
974,Sarah Baker,sarah.baker79@protonmail.com,RCF1*o0zi@0B74
975,Lisa Anderson,lisa.anderson6076@example.com,Xxbz@T6rslp
976,David Roberts,david.roberts9049@hotmail.com,!ol%1Wx^dprSeIfq
977,Nancy Hill,nancy.hill4338@icloud.com,UMhK^HO@11IZ#cxF
978,Edward White,edward.white142@gmail.com,WVuoNjF*8PgoB
979,Melissa Lee,melissa.lee501@protonmail.com,OjDu6i!ky0lrVd@
980,Kimberly Roberts,kimberly.roberts8760@protonmail.com,1qI#@mt2!4VB7u
981,Nicholas Harris,nicholas.harris3828@example.com,Mvv2XfR@Dvqqk
982,Charles Hernandez,charles.hernandez370@example.com,J0U6Hr@ej1tq
983,Steven Johnson,steven.johnson3267@outlook.com,@G52guspHTO23s
984,Deborah Hernandez,deborah.hernandez1101@yahoo.com,MXnD9!$hSfSnTIpV
985,Pamela Hill,pamela.hill6031@example.com,tQ*YxuyIBb
986,Lisa Flores,lisa.flores4250@yahoo.com,XD%!kMZK7y$t
987,Jessica Taylor,jessica.taylor6811@hotmail.com,n4kGnxLQPYRD^
988,Amy Nelson,amy.nelson8939@yahoo.com,!5yK#UGKs2Ak3X%3
989,Charles Walker,charles.walker7045@yahoo.com,X2tV5IH!$F1@Z2r
990,Kathleen Lee,kathleen.lee8898@yahoo.com,dFbPwn@HLl
991,Charles Martinez,charles.martinez674@yahoo.com,CE6GM&SwxRqem
992,Anthony Smith,anthony.smith8160@protonmail.com,OZSberSOAyc6n
993,Shirley Rodriguez,shirley.rodriguez2298@example.com,o4DBLbw^FIY2Lyj
994,Laura Nelson,laura.nelson8282@outlook.com,rP5^&lU8v1SW0S
995,Karen Campbell,karen.campbell4240@yahoo.com,9xglJ7PmvX7
996,Samantha Moore,samantha.moore9413@icloud.com,Y&FCrH6UV8
997,John Johnson,john.johnson8953@hotmail.com,Uurc$LvvI0&qk5
998,Amy Rivera,amy.rivera3839@protonmail.com,!%XLo29MPS5
999,Thomas Allen,thomas.allen1922@protonmail.com,Xyl*%uU^TtiVg
1000,Amanda Mitchell,amanda.mitchell6434@yahoo.com,pr%jDsE*gcUmWd1
